{
  "Goldilocks": {
    "historical_weights": {
      "NoDur": 0.0,
      "Durbl": 0.0,
      "Manuf": 0.20000000000000007,
      "Enrgy": 0.20000000000000007,
      "Chems": 0.0,
      "BusEq": 0.2,
      "Telcm": 0.2,
      "Utils": 0.0,
      "Shops": 0.0,
      "Hlth": 0.0,
      "Money": 0.19999999999999993,
      "Other": 0.0,
      "10Y_Treasury": 0.0,
      "30Y_Treasury": 0.0,
      "10Y_TIPS": 0.0,
      "IG_Corporate": 0.0,
      "HY_Bond": 0.0,
      "WTI_Oil": 0.0,
      "Copper": 0.0,
      "Wheat": 0.0,
      "Gold": 0.0
    },
    "etf_weights": {
      "XLP": 0.0,
      "XLY": 0.0,
      "XLI": 0.20000000000000007,
      "XLE": 0.20000000000000007,
      "XLB": 0.0,
      "XLK": 0.2,
      "XLC": 0.2,
      "XLU": 0.0,
      "XLV": 0.0,
      "XLF": 0.19999999999999993,
      "VNQ": 0.0,
      "IEF": 0.0,
      "TLT": 0.0,
      "TIP": 0.0,
      "LQD": 0.0,
      "HYG": 0.0,
      "GLD": 0.0,
      "DBA": 0.0,
      "DBB": 0.0,
      "DBE": 0.0
    },
    "expected_return": 0.19578135134955166,
    "expected_volatility": 0.13277805117802344,
    "sharpe_ratio": 1.4745008652601472,
    "optimization_success": true
  },
  "Reflation": {
    "historical_weights": {
      "NoDur": 0.15,
      "Durbl": 0.0,
      "Manuf": 0.0,
      "Enrgy": 0.15,
      "Chems": 0.0,
      "BusEq": 0.0,
      "Telcm": 0.004485813016444188,
      "Utils": 0.15,
      "Shops": 0.0,
      "Hlth": 0.0,
      "Money": 0.022165968608285094,
      "Other": 0.0,
      "10Y_Treasury": 0.0436267623346222,
      "30Y_Treasury": 0.0,
      "10Y_TIPS": 0.012336892769584473,
      "IG_Corporate": 0.4,
      "HY_Bond": 0.06738456327106414,
      "WTI_Oil": 0.0,
      "Copper": 0.0,
      "Wheat": 0.0,
      "Gold": 0.0
    },
    "etf_weights": {
      "XLP": 0.14999999999999997,
      "XLY": 0.0,
      "XLI": 0.0,
      "XLE": 0.14999999999999997,
      "XLB": 0.0,
      "XLK": 0.0,
      "XLC": 0.004485813016444187,
      "XLU": 0.14999999999999997,
      "XLV": 0.0,
      "XLF": 0.02216596860828509,
      "VNQ": 0.0,
      "IEF": 0.04362676233462219,
      "TLT": 0.0,
      "TIP": 0.01233689276958447,
      "LQD": 0.3999999999999999,
      "HYG": 0.06738456327106412,
      "GLD": 0.0,
      "DBA": 0.0,
      "DBB": 0.0,
      "DBE": 0.0
    },
    "expected_return": 0.1541415918558065,
    "expected_volatility": 0.1166565082444775,
    "sharpe_ratio": 1.32132869546182,
    "optimization_success": true
  },
  "Deflation": {
    "historical_weights": {
      "NoDur": 0.025000000000000005,
      "Durbl": 0.025000000000000005,
      "Manuf": 0.025000000000000005,
      "Enrgy": 0.025000000000000005,
      "Chems": 0.025000000000000005,
      "BusEq": 0.025000000000000005,
      "Telcm": 0.025000000000000005,
      "Utils": 0.025000000000000005,
      "Shops": 0.025000000000000005,
      "Hlth": 0.025000000000000005,
      "Money": 0.025000000000000005,
      "Other": 0.025000000000000005,
      "10Y_Treasury": 0.13000000000000003,
      "30Y_Treasury": 0.13000000000000003,
      "10Y_TIPS": 0.13000000000000003,
      "IG_Corporate": 0.13000000000000003,
      "HY_Bond": 0.13000000000000003,
      "WTI_Oil": 0.012500000000000004,
      "Copper": 0.012500000000000004,
      "Wheat": 0.012500000000000004,
      "Gold": 0.012500000000000004
    },
    "etf_weights": {
      "XLP": 0.02564102564102565,
      "XLY": 0.02564102564102565,
      "XLI": 0.02564102564102565,
      "XLE": 0.02564102564102565,
      "XLB": 0.02564102564102565,
      "XLK": 0.02564102564102565,
      "XLC": 0.02564102564102565,
      "XLU": 0.02564102564102565,
      "XLV": 0.02564102564102565,
      "XLF": 0.02564102564102565,
      "VNQ": 0.02564102564102565,
      "IEF": 0.1333333333333334,
      "TLT": 0.1333333333333334,
      "TIP": 0.1333333333333334,
      "LQD": 0.1333333333333334,
      "HYG": 0.1333333333333334,
      "GLD": 0.012820512820512827,
      "DBA": 0.012820512820512827,
      "DBB": 0.012820512820512827,
      "DBE": 0.012820512820512827
    },
    "expected_return": 0.08,
    "expected_volatility": 0.12,
    "sharpe_ratio": 0.5,
    "optimization_success": false
  },
  "Stagflation": {
    "historical_weights": {
      "NoDur": 0.14999999999999997,
      "Durbl": 0.0,
      "Manuf": 0.0,
      "Enrgy": 0.0,
      "Chems": 0.061857232569377134,
      "BusEq": 0.0,
      "Telcm": 0.0,
      "Utils": 0.0,
      "Shops": 0.14999999999999997,
      "Hlth": 0.14999999999999997,
      "Money": 0.0,
      "Other": 0.0,
      "10Y_Treasury": 0.0,
      "30Y_Treasury": 0.0,
      "10Y_TIPS": 0.10166092509831091,
      "IG_Corporate": 0.32361293779556666,
      "HY_Bond": 0.06286890453674536,
      "WTI_Oil": 0.0,
      "Copper": 0.0,
      "Wheat": 0.0,
      "Gold": 0.0
    },
    "etf_weights": {
      "XLP": 0.17647058823529407,
      "XLY": 0.0,
      "XLI": 0.0,
      "XLE": 0.0,
      "XLB": 0.07277321478750251,
      "XLK": 0.0,
      "XLC": 0.0,
      "XLU": 0.0,
      "XLV": 0.17647058823529407,
      "XLF": 0.0,
      "VNQ": 0.0,
      "IEF": 0.0,
      "TLT": 0.0,
      "TIP": 0.11960108835095402,
      "LQD": 0.38072110328890196,
      "HYG": 0.07396341710205337,
      "GLD": 0.0,
      "DBA": 0.0,
      "DBB": 0.0,
      "DBE": 0.0
    },
    "expected_return": 0.11844535205480687,
    "expected_volatility": 0.11023739733225182,
    "sharpe_ratio": 1.0744570800943036,
    "optimization_success": true
  }
}